[
    {
        "Experiment": "Exp3_DeepTuning",
        "Epoch": 1,
        "Step": 20,
        "Loss": 4.2348,
        "Timestamp": "2025-12-30 03:40:53"
    },
    {
        "Experiment": "Exp3_DeepTuning",
        "Epoch": 1,
        "Step": 40,
        "Loss": 4.0477,
        "Timestamp": "2025-12-30 03:42:25"
    },
    {
        "Experiment": "Exp3_DeepTuning",
        "Epoch": 1,
        "Step": 60,
        "Loss": 3.8553,
        "Timestamp": "2025-12-30 03:43:57"
    },
    {
        "Experiment": "Exp3_DeepTuning",
        "Epoch": 1,
        "Step": 80,
        "Loss": 3.777,
        "Timestamp": "2025-12-30 03:45:30"
    },
    {
        "Experiment": "Exp3_DeepTuning",
        "Epoch": 1,
        "Step": 100,
        "Loss": 3.7547,
        "Timestamp": "2025-12-30 03:47:02"
    },
    {
        "Experiment": "Exp3_DeepTuning",
        "Epoch": 1,
        "Step": 120,
        "Loss": 3.7499,
        "Timestamp": "2025-12-30 03:48:35"
    },
    {
        "Experiment": "Exp3_DeepTuning",
        "Epoch": 1,
        "Step": 140,
        "Loss": 3.7443,
        "Timestamp": "2025-12-30 03:50:07"
    },
    {
        "Experiment": "Exp3_DeepTuning",
        "Epoch": 1,
        "Step": 160,
        "Loss": 3.7146,
        "Timestamp": "2025-12-30 03:51:39"
    },
    {
        "Experiment": "Exp3_DeepTuning",
        "Epoch": 1,
        "Step": 180,
        "Loss": 3.7369,
        "Timestamp": "2025-12-30 03:53:11"
    },
    {
        "Experiment": "Exp3_DeepTuning",
        "Epoch": 1,
        "Step": 200,
        "Loss": 3.7656,
        "Timestamp": "2025-12-30 03:54:43"
    },
    {
        "Experiment": "Exp3_DeepTuning",
        "Epoch": 1,
        "Step": 220,
        "Loss": 3.7362,
        "Timestamp": "2025-12-30 03:56:16"
    },
    {
        "Experiment": "Exp3_DeepTuning",
        "Epoch": 1,
        "Step": 240,
        "Loss": 3.7228,
        "Timestamp": "2025-12-30 03:57:48"
    },
    {
        "Experiment": "Exp3_DeepTuning",
        "Epoch": 1,
        "Step": 260,
        "Loss": 3.7275,
        "Timestamp": "2025-12-30 03:59:20"
    },
    {
        "Experiment": "Exp3_DeepTuning",
        "Epoch": 1,
        "Step": 280,
        "Loss": 3.7339,
        "Timestamp": "2025-12-30 04:00:52"
    },
    {
        "Experiment": "Exp3_DeepTuning",
        "Epoch": 1,
        "Step": "END",
        "Loss": 3.9322,
        "Timestamp": "2025-12-30 04:00:57"
    },
    {
        "Experiment": "Exp3_DeepTuning",
        "Epoch": 2,
        "Step": 20,
        "Loss": 3.7199,
        "Timestamp": "2025-12-30 04:02:31"
    },
    {
        "Experiment": "Exp3_DeepTuning",
        "Epoch": 2,
        "Step": 40,
        "Loss": 3.7372,
        "Timestamp": "2025-12-30 04:04:03"
    },
    {
        "Experiment": "Exp3_DeepTuning",
        "Epoch": 2,
        "Step": 60,
        "Loss": 3.7446,
        "Timestamp": "2025-12-30 04:05:36"
    },
    {
        "Experiment": "Exp3_DeepTuning",
        "Epoch": 2,
        "Step": 80,
        "Loss": 3.7233,
        "Timestamp": "2025-12-30 04:07:08"
    },
    {
        "Experiment": "Exp3_DeepTuning",
        "Epoch": 2,
        "Step": 100,
        "Loss": 3.7297,
        "Timestamp": "2025-12-30 04:08:40"
    },
    {
        "Experiment": "Exp3_DeepTuning",
        "Epoch": 2,
        "Step": 120,
        "Loss": 3.7266,
        "Timestamp": "2025-12-30 04:10:12"
    },
    {
        "Experiment": "Exp3_DeepTuning",
        "Epoch": 2,
        "Step": 140,
        "Loss": 3.7078,
        "Timestamp": "2025-12-30 04:11:45"
    },
    {
        "Experiment": "Exp3_DeepTuning",
        "Epoch": 2,
        "Step": 160,
        "Loss": 3.7351,
        "Timestamp": "2025-12-30 04:13:17"
    },
    {
        "Experiment": "Exp3_DeepTuning",
        "Epoch": 2,
        "Step": 180,
        "Loss": 3.714,
        "Timestamp": "2025-12-30 04:14:49"
    },
    {
        "Experiment": "Exp3_DeepTuning",
        "Epoch": 2,
        "Step": 200,
        "Loss": 3.7378,
        "Timestamp": "2025-12-30 04:16:22"
    },
    {
        "Experiment": "Exp3_DeepTuning",
        "Epoch": 2,
        "Step": 220,
        "Loss": 3.7173,
        "Timestamp": "2025-12-30 04:17:54"
    },
    {
        "Experiment": "Exp3_DeepTuning",
        "Epoch": 2,
        "Step": 240,
        "Loss": 3.7052,
        "Timestamp": "2025-12-30 04:19:27"
    },
    {
        "Experiment": "Exp3_DeepTuning",
        "Epoch": 2,
        "Step": 260,
        "Loss": 3.7244,
        "Timestamp": "2025-12-30 04:20:59"
    },
    {
        "Experiment": "Exp3_DeepTuning",
        "Epoch": 2,
        "Step": 280,
        "Loss": 3.7277,
        "Timestamp": "2025-12-30 04:22:31"
    },
    {
        "Experiment": "Exp3_DeepTuning",
        "Epoch": 2,
        "Step": "END",
        "Loss": 3.7269,
        "Timestamp": "2025-12-30 04:22:35"
    },
    {
        "Experiment": "Exp3_DeepTuning",
        "Epoch": 3,
        "Step": 20,
        "Loss": 3.7154,
        "Timestamp": "2025-12-30 04:24:09"
    },
    {
        "Experiment": "Exp3_DeepTuning",
        "Epoch": 3,
        "Step": 40,
        "Loss": 3.7004,
        "Timestamp": "2025-12-30 04:25:41"
    },
    {
        "Experiment": "Exp3_DeepTuning",
        "Epoch": 3,
        "Step": 60,
        "Loss": 3.7247,
        "Timestamp": "2025-12-30 04:27:14"
    },
    {
        "Experiment": "Exp3_DeepTuning",
        "Epoch": 3,
        "Step": 80,
        "Loss": 3.72,
        "Timestamp": "2025-12-30 04:28:46"
    },
    {
        "Experiment": "Exp3_DeepTuning",
        "Epoch": 3,
        "Step": 100,
        "Loss": 3.7073,
        "Timestamp": "2025-12-30 04:30:18"
    },
    {
        "Experiment": "Exp3_DeepTuning",
        "Epoch": 3,
        "Step": 120,
        "Loss": 3.7401,
        "Timestamp": "2025-12-30 04:31:50"
    },
    {
        "Experiment": "Exp3_DeepTuning",
        "Epoch": 3,
        "Step": 140,
        "Loss": 3.7196,
        "Timestamp": "2025-12-30 04:33:23"
    },
    {
        "Experiment": "Exp3_DeepTuning",
        "Epoch": 3,
        "Step": 160,
        "Loss": 3.722,
        "Timestamp": "2025-12-30 04:34:55"
    },
    {
        "Experiment": "Exp3_DeepTuning",
        "Epoch": 3,
        "Step": 180,
        "Loss": 3.7101,
        "Timestamp": "2025-12-30 04:36:27"
    },
    {
        "Experiment": "Exp3_DeepTuning",
        "Epoch": 3,
        "Step": 200,
        "Loss": 3.7157,
        "Timestamp": "2025-12-30 04:37:59"
    },
    {
        "Experiment": "Exp3_DeepTuning",
        "Epoch": 3,
        "Step": 220,
        "Loss": 3.7169,
        "Timestamp": "2025-12-30 04:39:31"
    },
    {
        "Experiment": "Exp3_DeepTuning",
        "Epoch": 3,
        "Step": 240,
        "Loss": 3.7319,
        "Timestamp": "2025-12-30 04:41:03"
    },
    {
        "Experiment": "Exp3_DeepTuning",
        "Epoch": 3,
        "Step": 260,
        "Loss": 3.7098,
        "Timestamp": "2025-12-30 04:42:36"
    },
    {
        "Experiment": "Exp3_DeepTuning",
        "Epoch": 3,
        "Step": 280,
        "Loss": 3.7155,
        "Timestamp": "2025-12-30 04:44:08"
    },
    {
        "Experiment": "Exp3_DeepTuning",
        "Epoch": 3,
        "Step": "END",
        "Loss": 3.7197,
        "Timestamp": "2025-12-30 04:44:13"
    }
]