[
    {
        "Experiment": "Exp2_Projector",
        "Epoch": 1,
        "Step": 20,
        "Loss": 4.4799,
        "Timestamp": "2025-12-30 02:46:13"
    },
    {
        "Experiment": "Exp2_Projector",
        "Epoch": 1,
        "Step": 40,
        "Loss": 4.216,
        "Timestamp": "2025-12-30 02:47:30"
    },
    {
        "Experiment": "Exp2_Projector",
        "Epoch": 1,
        "Step": 60,
        "Loss": 4.1184,
        "Timestamp": "2025-12-30 02:48:47"
    },
    {
        "Experiment": "Exp2_Projector",
        "Epoch": 1,
        "Step": 80,
        "Loss": 4.0169,
        "Timestamp": "2025-12-30 02:50:03"
    },
    {
        "Experiment": "Exp2_Projector",
        "Epoch": 1,
        "Step": 100,
        "Loss": 3.937,
        "Timestamp": "2025-12-30 02:51:20"
    },
    {
        "Experiment": "Exp2_Projector",
        "Epoch": 1,
        "Step": 120,
        "Loss": 3.899,
        "Timestamp": "2025-12-30 02:52:37"
    },
    {
        "Experiment": "Exp2_Projector",
        "Epoch": 1,
        "Step": 140,
        "Loss": 3.8812,
        "Timestamp": "2025-12-30 02:53:54"
    },
    {
        "Experiment": "Exp2_Projector",
        "Epoch": 1,
        "Step": 160,
        "Loss": 3.8929,
        "Timestamp": "2025-12-30 02:55:10"
    },
    {
        "Experiment": "Exp2_Projector",
        "Epoch": 1,
        "Step": 180,
        "Loss": 3.8703,
        "Timestamp": "2025-12-30 02:56:27"
    },
    {
        "Experiment": "Exp2_Projector",
        "Epoch": 1,
        "Step": 200,
        "Loss": 3.8783,
        "Timestamp": "2025-12-30 02:57:44"
    },
    {
        "Experiment": "Exp2_Projector",
        "Epoch": 1,
        "Step": 220,
        "Loss": 3.8588,
        "Timestamp": "2025-12-30 02:59:01"
    },
    {
        "Experiment": "Exp2_Projector",
        "Epoch": 1,
        "Step": 240,
        "Loss": 3.8666,
        "Timestamp": "2025-12-30 03:00:17"
    },
    {
        "Experiment": "Exp2_Projector",
        "Epoch": 1,
        "Step": 260,
        "Loss": 3.8673,
        "Timestamp": "2025-12-30 03:01:34"
    },
    {
        "Experiment": "Exp2_Projector",
        "Epoch": 1,
        "Step": 280,
        "Loss": 3.8564,
        "Timestamp": "2025-12-30 03:02:51"
    },
    {
        "Experiment": "Exp2_Projector",
        "Epoch": 1,
        "Step": "END",
        "Loss": 4.1684,
        "Timestamp": "2025-12-30 03:02:55"
    },
    {
        "Experiment": "Exp2_Projector",
        "Epoch": 2,
        "Step": 20,
        "Loss": 3.8673,
        "Timestamp": "2025-12-30 03:04:13"
    },
    {
        "Experiment": "Exp2_Projector",
        "Epoch": 2,
        "Step": 40,
        "Loss": 3.8793,
        "Timestamp": "2025-12-30 03:05:30"
    },
    {
        "Experiment": "Exp2_Projector",
        "Epoch": 2,
        "Step": 60,
        "Loss": 3.8542,
        "Timestamp": "2025-12-30 03:06:46"
    },
    {
        "Experiment": "Exp2_Projector",
        "Epoch": 2,
        "Step": 80,
        "Loss": 3.8788,
        "Timestamp": "2025-12-30 03:08:03"
    },
    {
        "Experiment": "Exp2_Projector",
        "Epoch": 2,
        "Step": 100,
        "Loss": 3.866,
        "Timestamp": "2025-12-30 03:09:20"
    },
    {
        "Experiment": "Exp2_Projector",
        "Epoch": 2,
        "Step": 120,
        "Loss": 3.8585,
        "Timestamp": "2025-12-30 03:10:37"
    },
    {
        "Experiment": "Exp2_Projector",
        "Epoch": 2,
        "Step": 140,
        "Loss": 3.8551,
        "Timestamp": "2025-12-30 03:11:54"
    },
    {
        "Experiment": "Exp2_Projector",
        "Epoch": 2,
        "Step": 160,
        "Loss": 3.8652,
        "Timestamp": "2025-12-30 03:13:10"
    },
    {
        "Experiment": "Exp2_Projector",
        "Epoch": 2,
        "Step": 180,
        "Loss": 3.8636,
        "Timestamp": "2025-12-30 03:14:27"
    },
    {
        "Experiment": "Exp2_Projector",
        "Epoch": 2,
        "Step": 200,
        "Loss": 3.8643,
        "Timestamp": "2025-12-30 03:15:44"
    },
    {
        "Experiment": "Exp2_Projector",
        "Epoch": 2,
        "Step": 220,
        "Loss": 3.8788,
        "Timestamp": "2025-12-30 03:17:00"
    },
    {
        "Experiment": "Exp2_Projector",
        "Epoch": 2,
        "Step": 240,
        "Loss": 3.8618,
        "Timestamp": "2025-12-30 03:18:17"
    },
    {
        "Experiment": "Exp2_Projector",
        "Epoch": 2,
        "Step": 260,
        "Loss": 3.8764,
        "Timestamp": "2025-12-30 03:19:34"
    },
    {
        "Experiment": "Exp2_Projector",
        "Epoch": 2,
        "Step": 280,
        "Loss": 3.8832,
        "Timestamp": "2025-12-30 03:20:51"
    },
    {
        "Experiment": "Exp2_Projector",
        "Epoch": 2,
        "Step": "END",
        "Loss": 3.8653,
        "Timestamp": "2025-12-30 03:20:55"
    },
    {
        "Experiment": "Exp2_Projector",
        "Epoch": 3,
        "Step": 20,
        "Loss": 3.8654,
        "Timestamp": "2025-12-30 03:22:13"
    },
    {
        "Experiment": "Exp2_Projector",
        "Epoch": 3,
        "Step": 40,
        "Loss": 3.8644,
        "Timestamp": "2025-12-30 03:23:30"
    },
    {
        "Experiment": "Exp2_Projector",
        "Epoch": 3,
        "Step": 60,
        "Loss": 3.8756,
        "Timestamp": "2025-12-30 03:24:46"
    },
    {
        "Experiment": "Exp2_Projector",
        "Epoch": 3,
        "Step": 80,
        "Loss": 3.8699,
        "Timestamp": "2025-12-30 03:26:03"
    },
    {
        "Experiment": "Exp2_Projector",
        "Epoch": 3,
        "Step": 100,
        "Loss": 3.8785,
        "Timestamp": "2025-12-30 03:27:20"
    },
    {
        "Experiment": "Exp2_Projector",
        "Epoch": 3,
        "Step": 120,
        "Loss": 3.8578,
        "Timestamp": "2025-12-30 03:28:37"
    },
    {
        "Experiment": "Exp2_Projector",
        "Epoch": 3,
        "Step": 140,
        "Loss": 3.8663,
        "Timestamp": "2025-12-30 03:29:53"
    },
    {
        "Experiment": "Exp2_Projector",
        "Epoch": 3,
        "Step": 160,
        "Loss": 3.8852,
        "Timestamp": "2025-12-30 03:31:10"
    },
    {
        "Experiment": "Exp2_Projector",
        "Epoch": 3,
        "Step": 180,
        "Loss": 3.8736,
        "Timestamp": "2025-12-30 03:32:27"
    },
    {
        "Experiment": "Exp2_Projector",
        "Epoch": 3,
        "Step": 200,
        "Loss": 3.864,
        "Timestamp": "2025-12-30 03:33:44"
    },
    {
        "Experiment": "Exp2_Projector",
        "Epoch": 3,
        "Step": 220,
        "Loss": 3.9424,
        "Timestamp": "2025-12-30 03:35:01"
    },
    {
        "Experiment": "Exp2_Projector",
        "Epoch": 3,
        "Step": 240,
        "Loss": 3.9347,
        "Timestamp": "2025-12-30 03:36:17"
    },
    {
        "Experiment": "Exp2_Projector",
        "Epoch": 3,
        "Step": 260,
        "Loss": 3.9182,
        "Timestamp": "2025-12-30 03:37:34"
    },
    {
        "Experiment": "Exp2_Projector",
        "Epoch": 3,
        "Step": 280,
        "Loss": 4.0115,
        "Timestamp": "2025-12-30 03:38:51"
    },
    {
        "Experiment": "Exp2_Projector",
        "Epoch": 3,
        "Step": "END",
        "Loss": 3.8886,
        "Timestamp": "2025-12-30 03:38:55"
    }
]