[
    {
        "Experiment": "Exp1_Baseline",
        "Epoch": 1,
        "Step": 10,
        "Loss": 5.3715,
        "Timestamp": "2025-12-29 02:55:33"
    },
    {
        "Experiment": "Exp1_Baseline",
        "Epoch": 1,
        "Step": 20,
        "Loss": 4.4883,
        "Timestamp": "2025-12-29 02:59:07"
    },
    {
        "Experiment": "Exp1_Baseline",
        "Epoch": 1,
        "Step": 30,
        "Loss": 4.2984,
        "Timestamp": "2025-12-29 03:02:40"
    },
    {
        "Experiment": "Exp1_Baseline",
        "Epoch": 1,
        "Step": 40,
        "Loss": 4.2297,
        "Timestamp": "2025-12-29 03:06:12"
    },
    {
        "Experiment": "Exp1_Baseline",
        "Epoch": 1,
        "Step": 50,
        "Loss": 4.1761,
        "Timestamp": "2025-12-29 03:09:45"
    },
    {
        "Experiment": "Exp1_Baseline",
        "Epoch": 1,
        "Step": 60,
        "Loss": 4.1157,
        "Timestamp": "2025-12-29 03:13:17"
    },
    {
        "Experiment": "Exp1_Baseline",
        "Epoch": 1,
        "Step": 70,
        "Loss": 4.0503,
        "Timestamp": "2025-12-29 03:16:47"
    },
    {
        "Experiment": "Exp1_Baseline",
        "Epoch": 1,
        "Step": 80,
        "Loss": 3.975,
        "Timestamp": "2025-12-29 03:20:17"
    },
    {
        "Experiment": "Exp1_Baseline",
        "Epoch": 1,
        "Step": 90,
        "Loss": 3.935,
        "Timestamp": "2025-12-29 03:23:47"
    },
    {
        "Experiment": "Exp1_Baseline",
        "Epoch": 1,
        "Step": 100,
        "Loss": 3.9016,
        "Timestamp": "2025-12-29 03:27:18"
    },
    {
        "Experiment": "Exp1_Baseline",
        "Epoch": 1,
        "Step": 110,
        "Loss": 3.8599,
        "Timestamp": "2025-12-29 03:30:50"
    },
    {
        "Experiment": "Exp1_Baseline",
        "Epoch": 1,
        "Step": 120,
        "Loss": 3.8442,
        "Timestamp": "2025-12-29 03:34:20"
    },
    {
        "Experiment": "Exp1_Baseline",
        "Epoch": 1,
        "Step": 130,
        "Loss": 3.8457,
        "Timestamp": "2025-12-29 03:37:52"
    },
    {
        "Experiment": "Exp1_Baseline",
        "Epoch": 1,
        "Step": 140,
        "Loss": 3.8246,
        "Timestamp": "2025-12-29 03:41:24"
    },
    {
        "Experiment": "Exp1_Baseline",
        "Epoch": 1,
        "Step": 150,
        "Loss": 3.8249,
        "Timestamp": "2025-12-29 03:44:53"
    },
    {
        "Experiment": "Exp1_Baseline",
        "Epoch": 1,
        "Step": 160,
        "Loss": 3.8368,
        "Timestamp": "2025-12-29 03:48:24"
    },
    {
        "Experiment": "Exp1_Baseline",
        "Epoch": 1,
        "Step": 170,
        "Loss": 3.7973,
        "Timestamp": "2025-12-29 03:51:51"
    },
    {
        "Experiment": "Exp1_Baseline",
        "Epoch": 1,
        "Step": 180,
        "Loss": 3.8226,
        "Timestamp": "2025-12-29 03:55:17"
    },
    {
        "Experiment": "Exp1_Baseline",
        "Epoch": 1,
        "Step": 190,
        "Loss": 3.8087,
        "Timestamp": "2025-12-29 03:58:47"
    },
    {
        "Experiment": "Exp1_Baseline",
        "Epoch": 1,
        "Step": 200,
        "Loss": 3.7994,
        "Timestamp": "2025-12-29 04:02:17"
    },
    {
        "Experiment": "Exp1_Baseline",
        "Epoch": 1,
        "Step": 210,
        "Loss": 3.8034,
        "Timestamp": "2025-12-29 04:05:45"
    },
    {
        "Experiment": "Exp1_Baseline",
        "Epoch": 1,
        "Step": 220,
        "Loss": 3.7998,
        "Timestamp": "2025-12-29 04:09:13"
    },
    {
        "Experiment": "Exp1_Baseline",
        "Epoch": 1,
        "Step": 230,
        "Loss": 3.7891,
        "Timestamp": "2025-12-29 04:12:40"
    },
    {
        "Experiment": "Exp1_Baseline",
        "Epoch": 1,
        "Step": 240,
        "Loss": 3.7903,
        "Timestamp": "2025-12-29 04:16:07"
    },
    {
        "Experiment": "Exp1_Baseline",
        "Epoch": 1,
        "Step": 250,
        "Loss": 3.769,
        "Timestamp": "2025-12-29 04:19:36"
    },
    {
        "Experiment": "Exp1_Baseline",
        "Epoch": 1,
        "Step": 260,
        "Loss": 3.7879,
        "Timestamp": "2025-12-29 04:23:01"
    },
    {
        "Experiment": "Exp1_Baseline",
        "Epoch": 1,
        "Step": 270,
        "Loss": 3.752,
        "Timestamp": "2025-12-29 04:26:30"
    },
    {
        "Experiment": "Exp1_Baseline",
        "Epoch": 1,
        "Step": 280,
        "Loss": 3.7984,
        "Timestamp": "2025-12-29 04:29:57"
    },
    {
        "Experiment": "Exp1_Baseline",
        "Epoch": 1,
        "Step": 290,
        "Loss": 3.7925,
        "Timestamp": "2025-12-29 04:33:24"
    },
    {
        "Experiment": "Exp1_Baseline",
        "Epoch": 1,
        "Step": 300,
        "Loss": 3.7805,
        "Timestamp": "2025-12-29 04:36:50"
    },
    {
        "Experiment": "Exp1_Baseline",
        "Epoch": 1,
        "Step": 310,
        "Loss": 3.801,
        "Timestamp": "2025-12-29 04:40:16"
    },
    {
        "Experiment": "Exp1_Baseline",
        "Epoch": 1,
        "Step": 320,
        "Loss": 3.7785,
        "Timestamp": "2025-12-29 04:43:42"
    },
    {
        "Experiment": "Exp1_Baseline",
        "Epoch": 1,
        "Step": 330,
        "Loss": 3.7881,
        "Timestamp": "2025-12-29 04:47:09"
    },
    {
        "Experiment": "Exp1_Baseline",
        "Epoch": 1,
        "Step": 340,
        "Loss": 3.7881,
        "Timestamp": "2025-12-29 04:50:33"
    },
    {
        "Experiment": "Exp1_Baseline",
        "Epoch": 1,
        "Step": 350,
        "Loss": 3.7832,
        "Timestamp": "2025-12-29 04:53:58"
    },
    {
        "Experiment": "Exp1_Baseline",
        "Epoch": 1,
        "Step": 360,
        "Loss": 3.7903,
        "Timestamp": "2025-12-29 04:57:24"
    },
    {
        "Experiment": "Exp1_Baseline",
        "Epoch": 1,
        "Step": 370,
        "Loss": 3.8068,
        "Timestamp": "2025-12-29 05:00:49"
    },
    {
        "Experiment": "Exp1_Baseline",
        "Epoch": 1,
        "Step": 380,
        "Loss": 3.7845,
        "Timestamp": "2025-12-29 05:04:15"
    },
    {
        "Experiment": "Exp1_Baseline",
        "Epoch": 1,
        "Step": 390,
        "Loss": 3.7858,
        "Timestamp": "2025-12-29 05:07:41"
    },
    {
        "Experiment": "Exp1_Baseline",
        "Epoch": 1,
        "Step": 400,
        "Loss": 3.8035,
        "Timestamp": "2025-12-29 05:11:07"
    },
    {
        "Experiment": "Exp1_Baseline",
        "Epoch": 1,
        "Step": 410,
        "Loss": 3.8043,
        "Timestamp": "2025-12-29 05:14:32"
    },
    {
        "Experiment": "Exp1_Baseline",
        "Epoch": 1,
        "Step": 420,
        "Loss": 3.8087,
        "Timestamp": "2025-12-29 05:17:58"
    },
    {
        "Experiment": "Exp1_Baseline",
        "Epoch": 1,
        "Step": 430,
        "Loss": 3.8067,
        "Timestamp": "2025-12-29 05:21:24"
    },
    {
        "Experiment": "Exp1_Baseline",
        "Epoch": 1,
        "Step": 440,
        "Loss": 3.8004,
        "Timestamp": "2025-12-29 05:24:49"
    },
    {
        "Experiment": "Exp1_Baseline",
        "Epoch": 1,
        "Step": 450,
        "Loss": 3.7792,
        "Timestamp": "2025-12-29 05:28:14"
    },
    {
        "Experiment": "Exp1_Baseline",
        "Epoch": 1,
        "Step": 460,
        "Loss": 3.7877,
        "Timestamp": "2025-12-29 05:31:40"
    },
    {
        "Experiment": "Exp1_Baseline",
        "Epoch": 1,
        "Step": 470,
        "Loss": 3.8024,
        "Timestamp": "2025-12-29 05:35:07"
    },
    {
        "Experiment": "Exp1_Baseline",
        "Epoch": 1,
        "Step": 480,
        "Loss": 3.8,
        "Timestamp": "2025-12-29 05:38:32"
    },
    {
        "Experiment": "Exp1_Baseline",
        "Epoch": 1,
        "Step": 490,
        "Loss": 3.81,
        "Timestamp": "2025-12-29 05:41:58"
    },
    {
        "Experiment": "Exp1_Baseline",
        "Epoch": 1,
        "Step": 500,
        "Loss": 3.7912,
        "Timestamp": "2025-12-29 05:45:23"
    },
    {
        "Experiment": "Exp1_Baseline",
        "Epoch": 1,
        "Step": 510,
        "Loss": 3.8133,
        "Timestamp": "2025-12-29 05:48:49"
    },
    {
        "Experiment": "Exp1_Baseline",
        "Epoch": 1,
        "Step": 520,
        "Loss": 3.7834,
        "Timestamp": "2025-12-29 05:52:14"
    },
    {
        "Experiment": "Exp1_Baseline",
        "Epoch": 1,
        "Step": 530,
        "Loss": 3.8039,
        "Timestamp": "2025-12-29 05:55:39"
    },
    {
        "Experiment": "Exp1_Baseline",
        "Epoch": 1,
        "Step": 540,
        "Loss": 3.7765,
        "Timestamp": "2025-12-29 05:59:04"
    },
    {
        "Experiment": "Exp1_Baseline",
        "Epoch": 1,
        "Step": 550,
        "Loss": 3.7851,
        "Timestamp": "2025-12-29 06:02:30"
    },
    {
        "Experiment": "Exp1_Baseline",
        "Epoch": 1,
        "Step": 560,
        "Loss": 3.7996,
        "Timestamp": "2025-12-29 06:05:55"
    },
    {
        "Experiment": "Exp1_Baseline",
        "Epoch": 1,
        "Step": 20,
        "Loss": 4.4882,
        "Timestamp": "2025-12-30 01:49:40"
    },
    {
        "Experiment": "Exp1_Baseline",
        "Epoch": 1,
        "Step": 40,
        "Loss": 4.2009,
        "Timestamp": "2025-12-30 01:51:47"
    },
    {
        "Experiment": "Exp1_Baseline",
        "Epoch": 1,
        "Step": 60,
        "Loss": 4.1105,
        "Timestamp": "2025-12-30 01:53:45"
    },
    {
        "Experiment": "Exp1_Baseline",
        "Epoch": 1,
        "Step": 80,
        "Loss": 4.0209,
        "Timestamp": "2025-12-30 01:55:21"
    },
    {
        "Experiment": "Exp1_Baseline",
        "Epoch": 1,
        "Step": 100,
        "Loss": 3.9285,
        "Timestamp": "2025-12-30 01:56:52"
    },
    {
        "Experiment": "Exp1_Baseline",
        "Epoch": 1,
        "Step": 120,
        "Loss": 3.8737,
        "Timestamp": "2025-12-30 01:58:13"
    },
    {
        "Experiment": "Exp1_Baseline",
        "Epoch": 1,
        "Step": 140,
        "Loss": 3.8639,
        "Timestamp": "2025-12-30 01:59:31"
    },
    {
        "Experiment": "Exp1_Baseline",
        "Epoch": 1,
        "Step": 160,
        "Loss": 3.8619,
        "Timestamp": "2025-12-30 02:00:51"
    },
    {
        "Experiment": "Exp1_Baseline",
        "Epoch": 1,
        "Step": 180,
        "Loss": 3.8547,
        "Timestamp": "2025-12-30 02:02:08"
    },
    {
        "Experiment": "Exp1_Baseline",
        "Epoch": 1,
        "Step": 200,
        "Loss": 3.8453,
        "Timestamp": "2025-12-30 02:03:25"
    },
    {
        "Experiment": "Exp1_Baseline",
        "Epoch": 1,
        "Step": 220,
        "Loss": 3.8122,
        "Timestamp": "2025-12-30 02:04:42"
    },
    {
        "Experiment": "Exp1_Baseline",
        "Epoch": 1,
        "Step": 240,
        "Loss": 3.8454,
        "Timestamp": "2025-12-30 02:05:59"
    },
    {
        "Experiment": "Exp1_Baseline",
        "Epoch": 1,
        "Step": 260,
        "Loss": 3.8393,
        "Timestamp": "2025-12-30 02:07:15"
    },
    {
        "Experiment": "Exp1_Baseline",
        "Epoch": 1,
        "Step": 280,
        "Loss": 3.8388,
        "Timestamp": "2025-12-30 02:08:32"
    },
    {
        "Experiment": "Exp1_Baseline",
        "Epoch": 1,
        "Step": "END",
        "Loss": 4.1432,
        "Timestamp": "2025-12-30 02:08:36"
    },
    {
        "Experiment": "Exp1_Baseline",
        "Epoch": 2,
        "Step": 20,
        "Loss": 3.8246,
        "Timestamp": "2025-12-30 02:09:53"
    },
    {
        "Experiment": "Exp1_Baseline",
        "Epoch": 2,
        "Step": 40,
        "Loss": 3.8423,
        "Timestamp": "2025-12-30 02:11:10"
    },
    {
        "Experiment": "Exp1_Baseline",
        "Epoch": 2,
        "Step": 60,
        "Loss": 3.8388,
        "Timestamp": "2025-12-30 02:12:26"
    },
    {
        "Experiment": "Exp1_Baseline",
        "Epoch": 2,
        "Step": 80,
        "Loss": 3.8149,
        "Timestamp": "2025-12-30 02:13:42"
    },
    {
        "Experiment": "Exp1_Baseline",
        "Epoch": 2,
        "Step": 100,
        "Loss": 3.8529,
        "Timestamp": "2025-12-30 02:14:59"
    },
    {
        "Experiment": "Exp1_Baseline",
        "Epoch": 2,
        "Step": 120,
        "Loss": 3.8467,
        "Timestamp": "2025-12-30 02:16:15"
    },
    {
        "Experiment": "Exp1_Baseline",
        "Epoch": 2,
        "Step": 140,
        "Loss": 3.8425,
        "Timestamp": "2025-12-30 02:17:32"
    },
    {
        "Experiment": "Exp1_Baseline",
        "Epoch": 2,
        "Step": 160,
        "Loss": 3.8494,
        "Timestamp": "2025-12-30 02:18:48"
    },
    {
        "Experiment": "Exp1_Baseline",
        "Epoch": 2,
        "Step": 180,
        "Loss": 3.8374,
        "Timestamp": "2025-12-30 02:20:04"
    },
    {
        "Experiment": "Exp1_Baseline",
        "Epoch": 2,
        "Step": 200,
        "Loss": 3.843,
        "Timestamp": "2025-12-30 02:21:21"
    },
    {
        "Experiment": "Exp1_Baseline",
        "Epoch": 2,
        "Step": 220,
        "Loss": 3.8394,
        "Timestamp": "2025-12-30 02:22:37"
    },
    {
        "Experiment": "Exp1_Baseline",
        "Epoch": 2,
        "Step": 240,
        "Loss": 3.8407,
        "Timestamp": "2025-12-30 02:23:54"
    },
    {
        "Experiment": "Exp1_Baseline",
        "Epoch": 2,
        "Step": 260,
        "Loss": 3.8431,
        "Timestamp": "2025-12-30 02:25:11"
    },
    {
        "Experiment": "Exp1_Baseline",
        "Epoch": 2,
        "Step": 280,
        "Loss": 3.8582,
        "Timestamp": "2025-12-30 02:26:27"
    },
    {
        "Experiment": "Exp1_Baseline",
        "Epoch": 2,
        "Step": "END",
        "Loss": 3.8407,
        "Timestamp": "2025-12-30 02:26:31"
    },
    {
        "Experiment": "Exp1_Baseline",
        "Epoch": 3,
        "Step": 20,
        "Loss": 3.8499,
        "Timestamp": "2025-12-30 02:27:49"
    },
    {
        "Experiment": "Exp1_Baseline",
        "Epoch": 3,
        "Step": 40,
        "Loss": 3.8393,
        "Timestamp": "2025-12-30 02:29:06"
    },
    {
        "Experiment": "Exp1_Baseline",
        "Epoch": 3,
        "Step": 60,
        "Loss": 3.8361,
        "Timestamp": "2025-12-30 02:30:22"
    },
    {
        "Experiment": "Exp1_Baseline",
        "Epoch": 3,
        "Step": 80,
        "Loss": 3.8433,
        "Timestamp": "2025-12-30 02:31:39"
    },
    {
        "Experiment": "Exp1_Baseline",
        "Epoch": 3,
        "Step": 100,
        "Loss": 3.846,
        "Timestamp": "2025-12-30 02:32:56"
    },
    {
        "Experiment": "Exp1_Baseline",
        "Epoch": 3,
        "Step": 120,
        "Loss": 3.8212,
        "Timestamp": "2025-12-30 02:34:12"
    },
    {
        "Experiment": "Exp1_Baseline",
        "Epoch": 3,
        "Step": 140,
        "Loss": 3.8479,
        "Timestamp": "2025-12-30 02:35:29"
    },
    {
        "Experiment": "Exp1_Baseline",
        "Epoch": 3,
        "Step": 160,
        "Loss": 3.8696,
        "Timestamp": "2025-12-30 02:36:46"
    },
    {
        "Experiment": "Exp1_Baseline",
        "Epoch": 3,
        "Step": 180,
        "Loss": 3.8549,
        "Timestamp": "2025-12-30 02:38:03"
    },
    {
        "Experiment": "Exp1_Baseline",
        "Epoch": 3,
        "Step": 200,
        "Loss": 3.8589,
        "Timestamp": "2025-12-30 02:39:19"
    },
    {
        "Experiment": "Exp1_Baseline",
        "Epoch": 3,
        "Step": 220,
        "Loss": 3.8527,
        "Timestamp": "2025-12-30 02:40:36"
    },
    {
        "Experiment": "Exp1_Baseline",
        "Epoch": 3,
        "Step": 240,
        "Loss": 3.8573,
        "Timestamp": "2025-12-30 02:41:52"
    },
    {
        "Experiment": "Exp1_Baseline",
        "Epoch": 3,
        "Step": 260,
        "Loss": 3.8296,
        "Timestamp": "2025-12-30 02:43:09"
    },
    {
        "Experiment": "Exp1_Baseline",
        "Epoch": 3,
        "Step": 280,
        "Loss": 3.8425,
        "Timestamp": "2025-12-30 02:44:26"
    },
    {
        "Experiment": "Exp1_Baseline",
        "Epoch": 3,
        "Step": "END",
        "Loss": 3.8442,
        "Timestamp": "2025-12-30 02:44:30"
    }
]