[
    {
        "Experiment": "Exp4_HighRank_Specialist",
        "Epoch": 1,
        "Step": 20,
        "Loss": 4.1693,
        "Timestamp": "2025-12-30 07:39:31"
    },
    {
        "Experiment": "Exp4_HighRank_Specialist",
        "Epoch": 1,
        "Step": 40,
        "Loss": 4.0833,
        "Timestamp": "2025-12-30 07:41:48"
    },
    {
        "Experiment": "Exp4_HighRank_Specialist",
        "Epoch": 1,
        "Step": 60,
        "Loss": 3.8724,
        "Timestamp": "2025-12-30 07:43:49"
    },
    {
        "Experiment": "Exp4_HighRank_Specialist",
        "Epoch": 1,
        "Step": 80,
        "Loss": 3.776,
        "Timestamp": "2025-12-30 07:45:40"
    },
    {
        "Experiment": "Exp4_HighRank_Specialist",
        "Epoch": 1,
        "Step": 100,
        "Loss": 3.7522,
        "Timestamp": "2025-12-30 07:47:23"
    },
    {
        "Experiment": "Exp4_HighRank_Specialist",
        "Epoch": 1,
        "Step": 120,
        "Loss": 3.747,
        "Timestamp": "2025-12-30 07:49:09"
    },
    {
        "Experiment": "Exp4_HighRank_Specialist",
        "Epoch": 1,
        "Step": 140,
        "Loss": 3.7375,
        "Timestamp": "2025-12-30 07:50:50"
    },
    {
        "Experiment": "Exp4_HighRank_Specialist",
        "Epoch": 1,
        "Step": 160,
        "Loss": 3.7295,
        "Timestamp": "2025-12-30 07:52:28"
    },
    {
        "Experiment": "Exp4_HighRank_Specialist",
        "Epoch": 1,
        "Step": 180,
        "Loss": 3.7246,
        "Timestamp": "2025-12-30 07:54:10"
    },
    {
        "Experiment": "Exp4_HighRank_Specialist",
        "Epoch": 1,
        "Step": 200,
        "Loss": 3.7449,
        "Timestamp": "2025-12-30 07:55:49"
    },
    {
        "Experiment": "Exp4_HighRank_Specialist",
        "Epoch": 1,
        "Step": 220,
        "Loss": 3.7245,
        "Timestamp": "2025-12-30 07:57:28"
    },
    {
        "Experiment": "Exp4_HighRank_Specialist",
        "Epoch": 1,
        "Step": 240,
        "Loss": 3.7297,
        "Timestamp": "2025-12-30 07:59:07"
    },
    {
        "Experiment": "Exp4_HighRank_Specialist",
        "Epoch": 1,
        "Step": 260,
        "Loss": 3.7262,
        "Timestamp": "2025-12-30 08:00:46"
    },
    {
        "Experiment": "Exp4_HighRank_Specialist",
        "Epoch": 1,
        "Step": 280,
        "Loss": 3.7389,
        "Timestamp": "2025-12-30 08:02:24"
    },
    {
        "Experiment": "Exp4_HighRank_Specialist",
        "Epoch": 1,
        "Step": "END",
        "Loss": 3.9041,
        "Timestamp": "2025-12-30 08:02:29"
    },
    {
        "Experiment": "Exp4_HighRank_Specialist",
        "Epoch": 2,
        "Step": 20,
        "Loss": 3.743,
        "Timestamp": "2025-12-30 08:04:12"
    },
    {
        "Experiment": "Exp4_HighRank_Specialist",
        "Epoch": 2,
        "Step": 40,
        "Loss": 3.7266,
        "Timestamp": "2025-12-30 08:05:50"
    },
    {
        "Experiment": "Exp4_HighRank_Specialist",
        "Epoch": 2,
        "Step": 60,
        "Loss": 3.7092,
        "Timestamp": "2025-12-30 08:07:29"
    },
    {
        "Experiment": "Exp4_HighRank_Specialist",
        "Epoch": 2,
        "Step": 80,
        "Loss": 3.7049,
        "Timestamp": "2025-12-30 08:09:08"
    },
    {
        "Experiment": "Exp4_HighRank_Specialist",
        "Epoch": 2,
        "Step": 100,
        "Loss": 3.7242,
        "Timestamp": "2025-12-30 08:10:46"
    },
    {
        "Experiment": "Exp4_HighRank_Specialist",
        "Epoch": 2,
        "Step": 120,
        "Loss": 3.7335,
        "Timestamp": "2025-12-30 08:12:25"
    },
    {
        "Experiment": "Exp4_HighRank_Specialist",
        "Epoch": 2,
        "Step": 140,
        "Loss": 3.7225,
        "Timestamp": "2025-12-30 08:14:04"
    },
    {
        "Experiment": "Exp4_HighRank_Specialist",
        "Epoch": 2,
        "Step": 160,
        "Loss": 3.7317,
        "Timestamp": "2025-12-30 08:15:42"
    },
    {
        "Experiment": "Exp4_HighRank_Specialist",
        "Epoch": 2,
        "Step": 180,
        "Loss": 3.7358,
        "Timestamp": "2025-12-30 08:17:21"
    },
    {
        "Experiment": "Exp4_HighRank_Specialist",
        "Epoch": 2,
        "Step": 200,
        "Loss": 3.7369,
        "Timestamp": "2025-12-30 08:19:00"
    },
    {
        "Experiment": "Exp4_HighRank_Specialist",
        "Epoch": 2,
        "Step": 220,
        "Loss": 3.7232,
        "Timestamp": "2025-12-30 08:20:39"
    },
    {
        "Experiment": "Exp4_HighRank_Specialist",
        "Epoch": 2,
        "Step": 240,
        "Loss": 3.7324,
        "Timestamp": "2025-12-30 08:22:17"
    },
    {
        "Experiment": "Exp4_HighRank_Specialist",
        "Epoch": 2,
        "Step": 260,
        "Loss": 3.724,
        "Timestamp": "2025-12-30 08:23:56"
    },
    {
        "Experiment": "Exp4_HighRank_Specialist",
        "Epoch": 2,
        "Step": 280,
        "Loss": 3.7281,
        "Timestamp": "2025-12-30 08:25:35"
    },
    {
        "Experiment": "Exp4_HighRank_Specialist",
        "Epoch": 2,
        "Step": "END",
        "Loss": 3.7259,
        "Timestamp": "2025-12-30 08:25:40"
    },
    {
        "Experiment": "Exp4_HighRank_Specialist",
        "Epoch": 3,
        "Step": 20,
        "Loss": 3.7182,
        "Timestamp": "2025-12-30 08:27:21"
    },
    {
        "Experiment": "Exp4_HighRank_Specialist",
        "Epoch": 3,
        "Step": 40,
        "Loss": 3.7211,
        "Timestamp": "2025-12-30 08:29:00"
    },
    {
        "Experiment": "Exp4_HighRank_Specialist",
        "Epoch": 3,
        "Step": 60,
        "Loss": 3.7194,
        "Timestamp": "2025-12-30 08:30:38"
    },
    {
        "Experiment": "Exp4_HighRank_Specialist",
        "Epoch": 3,
        "Step": 80,
        "Loss": 3.7204,
        "Timestamp": "2025-12-30 08:32:17"
    },
    {
        "Experiment": "Exp4_HighRank_Specialist",
        "Epoch": 3,
        "Step": 100,
        "Loss": 3.7081,
        "Timestamp": "2025-12-30 08:33:55"
    },
    {
        "Experiment": "Exp4_HighRank_Specialist",
        "Epoch": 3,
        "Step": 120,
        "Loss": 3.7183,
        "Timestamp": "2025-12-30 08:35:34"
    },
    {
        "Experiment": "Exp4_HighRank_Specialist",
        "Epoch": 3,
        "Step": 140,
        "Loss": 3.721,
        "Timestamp": "2025-12-30 08:37:13"
    },
    {
        "Experiment": "Exp4_HighRank_Specialist",
        "Epoch": 3,
        "Step": 160,
        "Loss": 3.7169,
        "Timestamp": "2025-12-30 08:38:51"
    },
    {
        "Experiment": "Exp4_HighRank_Specialist",
        "Epoch": 3,
        "Step": 180,
        "Loss": 3.7238,
        "Timestamp": "2025-12-30 08:40:30"
    },
    {
        "Experiment": "Exp4_HighRank_Specialist",
        "Epoch": 3,
        "Step": 200,
        "Loss": 3.7036,
        "Timestamp": "2025-12-30 08:42:09"
    },
    {
        "Experiment": "Exp4_HighRank_Specialist",
        "Epoch": 3,
        "Step": 220,
        "Loss": 3.741,
        "Timestamp": "2025-12-30 08:43:48"
    },
    {
        "Experiment": "Exp4_HighRank_Specialist",
        "Epoch": 3,
        "Step": 240,
        "Loss": 3.6901,
        "Timestamp": "2025-12-30 08:45:26"
    },
    {
        "Experiment": "Exp4_HighRank_Specialist",
        "Epoch": 3,
        "Step": 260,
        "Loss": 3.7287,
        "Timestamp": "2025-12-30 08:47:05"
    },
    {
        "Experiment": "Exp4_HighRank_Specialist",
        "Epoch": 3,
        "Step": 280,
        "Loss": 3.7228,
        "Timestamp": "2025-12-30 08:48:44"
    },
    {
        "Experiment": "Exp4_HighRank_Specialist",
        "Epoch": 3,
        "Step": "END",
        "Loss": 3.7179,
        "Timestamp": "2025-12-30 08:48:49"
    },
    {
        "Experiment": "Exp4_HighRank_Specialist",
        "Epoch": 4,
        "Step": 20,
        "Loss": 3.716,
        "Timestamp": "2025-12-30 08:50:30"
    },
    {
        "Experiment": "Exp4_HighRank_Specialist",
        "Epoch": 4,
        "Step": 40,
        "Loss": 3.7166,
        "Timestamp": "2025-12-30 08:52:09"
    },
    {
        "Experiment": "Exp4_HighRank_Specialist",
        "Epoch": 4,
        "Step": 60,
        "Loss": 3.6996,
        "Timestamp": "2025-12-30 08:53:48"
    },
    {
        "Experiment": "Exp4_HighRank_Specialist",
        "Epoch": 4,
        "Step": 80,
        "Loss": 3.7213,
        "Timestamp": "2025-12-30 08:55:27"
    },
    {
        "Experiment": "Exp4_HighRank_Specialist",
        "Epoch": 4,
        "Step": 100,
        "Loss": 3.686,
        "Timestamp": "2025-12-30 08:57:06"
    },
    {
        "Experiment": "Exp4_HighRank_Specialist",
        "Epoch": 4,
        "Step": 120,
        "Loss": 3.6655,
        "Timestamp": "2025-12-30 08:58:44"
    },
    {
        "Experiment": "Exp4_HighRank_Specialist",
        "Epoch": 4,
        "Step": 140,
        "Loss": 3.7115,
        "Timestamp": "2025-12-30 09:00:23"
    },
    {
        "Experiment": "Exp4_HighRank_Specialist",
        "Epoch": 4,
        "Step": 160,
        "Loss": 3.7104,
        "Timestamp": "2025-12-30 09:02:02"
    },
    {
        "Experiment": "Exp4_HighRank_Specialist",
        "Epoch": 4,
        "Step": 180,
        "Loss": 3.7246,
        "Timestamp": "2025-12-30 09:03:41"
    },
    {
        "Experiment": "Exp4_HighRank_Specialist",
        "Epoch": 4,
        "Step": 200,
        "Loss": 3.716,
        "Timestamp": "2025-12-30 09:05:19"
    },
    {
        "Experiment": "Exp4_HighRank_Specialist",
        "Epoch": 4,
        "Step": 220,
        "Loss": 3.7395,
        "Timestamp": "2025-12-30 09:06:58"
    },
    {
        "Experiment": "Exp4_HighRank_Specialist",
        "Epoch": 4,
        "Step": 240,
        "Loss": 3.7166,
        "Timestamp": "2025-12-30 09:08:37"
    },
    {
        "Experiment": "Exp4_HighRank_Specialist",
        "Epoch": 4,
        "Step": 260,
        "Loss": 3.7182,
        "Timestamp": "2025-12-30 09:10:15"
    },
    {
        "Experiment": "Exp4_HighRank_Specialist",
        "Epoch": 4,
        "Step": 280,
        "Loss": 3.7122,
        "Timestamp": "2025-12-30 09:11:54"
    },
    {
        "Experiment": "Exp4_HighRank_Specialist",
        "Epoch": 4,
        "Step": "END",
        "Loss": 3.7112,
        "Timestamp": "2025-12-30 09:11:59"
    },
    {
        "Experiment": "Exp4_HighRank_Specialist",
        "Epoch": 5,
        "Step": 20,
        "Loss": 3.714,
        "Timestamp": "2025-12-30 09:13:40"
    },
    {
        "Experiment": "Exp4_HighRank_Specialist",
        "Epoch": 5,
        "Step": 40,
        "Loss": 3.7179,
        "Timestamp": "2025-12-30 09:15:19"
    },
    {
        "Experiment": "Exp4_HighRank_Specialist",
        "Epoch": 5,
        "Step": 60,
        "Loss": 3.6958,
        "Timestamp": "2025-12-30 09:16:57"
    },
    {
        "Experiment": "Exp4_HighRank_Specialist",
        "Epoch": 5,
        "Step": 80,
        "Loss": 3.6869,
        "Timestamp": "2025-12-30 09:18:36"
    },
    {
        "Experiment": "Exp4_HighRank_Specialist",
        "Epoch": 5,
        "Step": 100,
        "Loss": 3.7057,
        "Timestamp": "2025-12-30 09:20:14"
    },
    {
        "Experiment": "Exp4_HighRank_Specialist",
        "Epoch": 5,
        "Step": 120,
        "Loss": 3.6947,
        "Timestamp": "2025-12-30 09:21:53"
    },
    {
        "Experiment": "Exp4_HighRank_Specialist",
        "Epoch": 5,
        "Step": 140,
        "Loss": 3.7268,
        "Timestamp": "2025-12-30 09:23:32"
    },
    {
        "Experiment": "Exp4_HighRank_Specialist",
        "Epoch": 5,
        "Step": 160,
        "Loss": 3.7115,
        "Timestamp": "2025-12-30 09:25:10"
    },
    {
        "Experiment": "Exp4_HighRank_Specialist",
        "Epoch": 5,
        "Step": 180,
        "Loss": 3.7004,
        "Timestamp": "2025-12-30 09:26:49"
    },
    {
        "Experiment": "Exp4_HighRank_Specialist",
        "Epoch": 5,
        "Step": 200,
        "Loss": 3.7209,
        "Timestamp": "2025-12-30 09:28:28"
    },
    {
        "Experiment": "Exp4_HighRank_Specialist",
        "Epoch": 5,
        "Step": 220,
        "Loss": 3.6942,
        "Timestamp": "2025-12-30 09:30:07"
    },
    {
        "Experiment": "Exp4_HighRank_Specialist",
        "Epoch": 5,
        "Step": 240,
        "Loss": 3.698,
        "Timestamp": "2025-12-30 09:31:46"
    },
    {
        "Experiment": "Exp4_HighRank_Specialist",
        "Epoch": 5,
        "Step": 260,
        "Loss": 3.7168,
        "Timestamp": "2025-12-30 09:33:25"
    },
    {
        "Experiment": "Exp4_HighRank_Specialist",
        "Epoch": 5,
        "Step": 280,
        "Loss": 3.7338,
        "Timestamp": "2025-12-30 09:35:04"
    },
    {
        "Experiment": "Exp4_HighRank_Specialist",
        "Epoch": 5,
        "Step": "END",
        "Loss": 3.7076,
        "Timestamp": "2025-12-30 09:35:09"
    },
    {
        "Experiment": "Exp4_HighRank_Specialist",
        "Epoch": 6,
        "Step": 20,
        "Loss": 3.714,
        "Timestamp": "2025-12-30 09:36:50"
    },
    {
        "Experiment": "Exp4_HighRank_Specialist",
        "Epoch": 6,
        "Step": 40,
        "Loss": 3.7029,
        "Timestamp": "2025-12-30 09:38:28"
    },
    {
        "Experiment": "Exp4_HighRank_Specialist",
        "Epoch": 6,
        "Step": 60,
        "Loss": 3.7058,
        "Timestamp": "2025-12-30 09:40:07"
    },
    {
        "Experiment": "Exp4_HighRank_Specialist",
        "Epoch": 6,
        "Step": 80,
        "Loss": 3.7381,
        "Timestamp": "2025-12-30 09:41:45"
    },
    {
        "Experiment": "Exp4_HighRank_Specialist",
        "Epoch": 6,
        "Step": 100,
        "Loss": 3.7745,
        "Timestamp": "2025-12-30 09:43:24"
    },
    {
        "Experiment": "Exp4_HighRank_Specialist",
        "Epoch": 6,
        "Step": 120,
        "Loss": 3.7591,
        "Timestamp": "2025-12-30 09:45:03"
    },
    {
        "Experiment": "Exp4_HighRank_Specialist",
        "Epoch": 6,
        "Step": 140,
        "Loss": 4.2872,
        "Timestamp": "2025-12-30 09:46:41"
    },
    {
        "Experiment": "Exp4_HighRank_Specialist",
        "Epoch": 6,
        "Step": 160,
        "Loss": NaN,
        "Timestamp": "2025-12-30 09:48:19"
    },
    {
        "Experiment": "Exp4_HighRank_Specialist",
        "Epoch": 6,
        "Step": 180,
        "Loss": NaN,
        "Timestamp": "2025-12-30 09:49:57"
    },
    {
        "Experiment": "Exp4_HighRank_Specialist",
        "Epoch": 6,
        "Step": 200,
        "Loss": NaN,
        "Timestamp": "2025-12-30 09:51:35"
    },
    {
        "Experiment": "Exp4_HighRank_Specialist",
        "Epoch": 6,
        "Step": 220,
        "Loss": NaN,
        "Timestamp": "2025-12-30 09:53:12"
    },
    {
        "Experiment": "Exp4_HighRank_Specialist",
        "Epoch": 6,
        "Step": 240,
        "Loss": NaN,
        "Timestamp": "2025-12-30 09:54:51"
    },
    {
        "Experiment": "Exp4_HighRank_Specialist",
        "Epoch": 6,
        "Step": 260,
        "Loss": NaN,
        "Timestamp": "2025-12-30 09:56:28"
    },
    {
        "Experiment": "Exp4_HighRank_Specialist",
        "Epoch": 6,
        "Step": 280,
        "Loss": NaN,
        "Timestamp": "2025-12-30 09:58:06"
    },
    {
        "Experiment": "Exp4_HighRank_Specialist",
        "Epoch": 6,
        "Step": "END",
        "Loss": NaN,
        "Timestamp": "2025-12-30 09:58:11"
    }
]